Alunos;matemática;português;ciências;geografia;história;Artes;educação física
samuel;;;;;;;
samuel;;;;;;;
samuel;;;;;;;
samuel;;;;;;;
marcos;;;;;;;
marcos;;;;;;;
marcos;;;;;;;
marcos;;;;;;;
daniel;;;;;;;
daniel;;;;;;;
daniel;;;;;;;
daniel;;;;;;;
bartolomeu;;;;;;;
bartolomeu;;;;;;;
bartolomeu;;;;;;;
bartolomeu;;;;;;;
mateus;;;;;;;
mateus;;;;;;;
mateus;;;;;;;
mateus;;;;;;;
filipe;;;;;;;
filipe;;;;;;;
filipe;;;;;;;
filipe;;;;;;;
pedro;;;;;;;
pedro;;;;;;;
pedro;;;;;;;
pedro;;;;;;;
paulo;;;;;;;
paulo;;;;;;;
paulo;;;;;;;
paulo;;;;;;;
